lga_code,year,month,month_num,age_group,deaths,tmean,erp,IRSD,IRSAD,mortality_rate,mortality_lag1,mortality_lag2,mortality_lag12,tmean_lag1,tmean_lag2,tmean_lag12,state
10148,2011,January,1,75 to 84,1,30.7734303853463,3312,1076,1012,30.1932367149758,31.2793243665937,402.72614622057,32.6690623979092,30.0805517191523,25.0562942225127,30.4162629227927,ACT
10148,2011,February,2,75 to 84,10,27.2742981723626,3339,1076,1012,299.490865528601,30.1932367149758,31.2793243665937,30.543677458766,30.7734303853463,30.0805517191523,29.4578020221325,ACT
10148,2011,March,3,75 to 84,4,26.1900488534869,3191,1076,1012,125.352554058289,299.490865528601,30.1932367149758,30.9405940594059,27.2742981723626,30.7734303853463,21.7755852467056,ACT
10148,2011,November,11,75 to 84,0,25.1030426293975,3180,1076,1012,0,0,60.9384521633151,402.72614622057,21.7490291967254,15.9797303898559,25.0562942225127,ACT
10148,2011,December,12,75 to 84,4,29.098384530747,3231,1076,1012,123.800680903745,0,0,31.2793243665937,25.1030426293975,21.7490291967254,30.0805517191523,ACT
10148,2012,January,1,75 to 84,2,28.3310571021013,3253,1076,1012,61.4817091915155,123.800680903745,0,30.1932367149758,29.098384530747,25.1030426293975,30.7734303853463,ACT
10148,2012,February,2,75 to 84,0,27.9498980836947,3248,1076,1012,0,61.4817091915155,123.800680903745,299.490865528601,28.3310571021013,29.098384530747,27.2742981723626,ACT
10148,2012,March,3,75 to 84,0,25.3755392205077,3382,1076,1012,0,0,61.4817091915155,125.352554058289,27.9498980836947,28.3310571021013,26.1900488534869,ACT
10148,2012,November,11,75 to 84,2,27.0841282985438,3309,1076,1012,60.4412209126624,0,0,0,19.9044227590732,16.5800344368795,25.1030426293975,ACT
10148,2012,December,12,75 to 84,1,27.3374714203184,3284,1076,1012,30.4506699147381,60.4412209126624,0,123.800680903745,27.0841282985438,19.9044227590732,29.098384530747,ACT
10148,2013,January,1,75 to 84,5,29.9192344841068,3305,1076,1012,151.285930408472,30.4506699147381,60.4412209126624,61.4817091915155,27.3374714203184,27.0841282985438,28.3310571021013,ACT
10148,2013,February,2,75 to 84,1,27.3432883244078,3238,1076,1012,30.8832612723904,151.285930408472,30.4506699147381,0,29.9192344841068,27.3374714203184,27.9498980836947,ACT
10148,2013,March,3,75 to 84,3,26.7680935355164,3275,1076,1012,91.6030534351145,30.8832612723904,151.285930408472,0,27.3432883244078,29.9192344841068,25.3755392205077,ACT
10148,2013,November,11,75 to 84,16,23.9252691125708,3318,1076,1012,482.218203737191,88.3652430044183,148.809523809524,60.4412209126624,22.3447578099272,15.4490995084544,27.0841282985438,ACT
10148,2013,December,12,75 to 84,4,29.178006643666,3353,1076,1012,119.296152699075,482.218203737191,88.3652430044183,30.4506699147381,23.9252691125708,22.3447578099272,27.3374714203184,ACT
10148,2014,January,1,75 to 84,10,30.5697621654562,3317,1076,1012,301.477238468496,119.296152699075,482.218203737191,151.285930408472,29.178006643666,23.9252691125708,29.9192344841068,ACT
10148,2014,February,2,75 to 84,15,29.2091212460899,3352,1076,1012,447.494033412888,301.477238468496,119.296152699075,30.8832612723904,30.5697621654562,29.178006643666,27.3432883244078,ACT
10148,2014,March,3,75 to 84,3,27.1273653689481,3371,1076,1012,88.9943636902996,447.494033412888,301.477238468496,91.6030534351145,29.2091212460899,30.5697621654562,26.7680935355164,ACT
10148,2014,November,11,75 to 84,7,26.616235546444,3421,1076,1012,204.618532592809,55.2638850511191,29.8240381747689,482.218203737191,21.5930545483391,18.9100662271523,23.9252691125708,ACT
10148,2014,December,12,75 to 84,4,27.1654381216461,3286,1076,1012,121.728545343883,204.618532592809,55.2638850511191,119.296152699075,26.616235546444,21.5930545483391,29.178006643666,ACT
10148,2015,January,1,75 to 84,6,30.2227410609001,3392,1076,1012,176.88679245283,121.728545343883,204.618532592809,301.477238468496,27.1654381216461,26.616235546444,30.5697621654562,ACT
10148,2015,February,2,75 to 84,8,28.9694766260112,3419,1076,1012,233.986545773618,176.88679245283,121.728545343883,447.494033412888,30.2227410609001,27.1654381216461,29.2091212460899,ACT
10148,2015,March,3,75 to 84,6,25.6364773915594,3298,1076,1012,181.928441479685,233.986545773618,176.88679245283,88.9943636902996,28.9694766260112,30.2227410609001,27.1273653689481,ACT
10148,2015,November,11,75 to 84,7,27.0108799409287,3404,1076,1012,205.640423031727,59.5415302173266,29.655990510083,204.618532592809,22.8993348094005,18.0376903319702,26.616235546444,ACT
10148,2015,December,12,75 to 84,3,27.7940190325096,3447,1076,1012,87.0322019147084,205.640423031727,59.5415302173266,121.728545343883,27.0108799409287,22.8993348094005,27.1654381216461,ACT
10148,2016,January,1,75 to 84,9,29.4593798618331,3436,1076,1012,261.932479627474,87.0322019147084,205.640423031727,176.88679245283,27.7940190325096,27.0108799409287,30.2227410609001,ACT
10148,2016,February,2,75 to 84,11,26.0692955501659,3543,1076,1012,310.471351961614,261.932479627474,87.0322019147084,233.986545773618,29.4593798618331,27.7940190325096,28.9694766260112,ACT
10148,2016,March,3,75 to 84,5,28.6626883277692,3444,1076,1012,145.180023228804,310.471351961614,261.932479627474,181.928441479685,26.0692955501659,29.4593798618331,25.6364773915594,ACT
10148,2016,November,11,75 to 84,2,26.7347556958859,3507,1076,1012,57.0287995437696,29.7265160523187,29.4031167303734,205.640423031727,18.7473727816621,17.7128357027511,27.0108799409287,ACT
10148,2016,December,12,75 to 84,12,28.0773314604204,3378,1076,1012,355.239786856128,57.0287995437696,29.7265160523187,87.0322019147084,26.7347556958859,18.7473727816621,27.7940190325096,ACT
10148,2011,January,1,85+,10,28.4344894614199,3198,1076,1012,312.695434646654,259.487512163477,156.347717323327,502.670436694942,28.7232937328813,23.5400216796253,30.1392887414735,ACT
10148,2011,February,2,85+,11,29.384822899013,3300,1076,1012,333.333333333333,312.695434646654,259.487512163477,312.989045383412,28.4344894614199,28.7232937328813,28.4880564510307,ACT
10148,2011,March,3,85+,22,24.4490134181602,3210,1076,1012,685.358255451713,333.333333333333,312.695434646654,768.049155145929,29.384822899013,28.4344894614199,27.2548655075279,ACT
10148,2011,November,11,85+,6,27.8684432248671,3311,1076,1012,181.214134702507,276.582667486171,120.590895387398,156.347717323327,21.8099773032537,20.202374541135,23.5400216796253,ACT
10148,2011,December,12,85+,1,25.29945990335,3205,1076,1012,31.201248049922,181.214134702507,276.582667486171,259.487512163477,27.8684432248671,21.8099773032537,28.7232937328813,ACT
10148,2012,January,1,85+,6,31.0618328154417,3138,1076,1012,191.204588910134,31.201248049922,181.214134702507,312.695434646654,25.29945990335,27.8684432248671,28.4344894614199,ACT
10148,2012,February,2,85+,2,28.256885779595,3322,1076,1012,60.2046959662854,191.204588910134,31.201248049922,333.333333333333,31.0618328154417,25.29945990335,29.384822899013,ACT
10148,2012,March,3,85+,24,28.8996576711968,3436,1076,1012,698.48661233993,60.2046959662854,191.204588910134,685.358255451713,28.256885779595,31.0618328154417,24.4490134181602,ACT
10148,2012,November,11,85+,11,27.5221017965913,3358,1076,1012,327.575938058368,90.198436560433,152.81173594132,181.214134702507,22.1884939467771,16.9623692298494,27.8684432248671,ACT
10148,2012,December,12,85+,4,27.3929370143125,3242,1076,1012,123.380629241209,327.575938058368,90.198436560433,31.201248049922,27.5221017965913,22.1884939467771,25.29945990335,ACT
10148,2013,January,1,85+,1,29.0517796609024,3454,1076,1012,28.9519397799653,123.380629241209,327.575938058368,191.204588910134,27.3929370143125,27.5221017965913,31.0618328154417,ACT
10148,2013,February,2,85+,7,29.261956394158,3355,1076,1012,208.643815201192,28.9519397799653,123.380629241209,60.2046959662854,29.0517796609024,27.3929370143125,28.256885779595,ACT
10148,2013,March,3,85+,17,26.1013769096666,3351,1076,1012,507.311250373023,208.643815201192,28.9519397799653,698.48661233993,29.261956394158,29.0517796609024,28.8996576711968,ACT
10148,2013,November,11,85+,4,22.975676360943,3245,1076,1012,123.26656394453,0,0,327.575938058368,23.3602506494568,15.7397354735298,27.5221017965913,ACT
10148,2013,December,12,85+,7,25.5514381251745,3251,1076,1012,215.318363580437,123.26656394453,0,123.380629241209,22.975676360943,23.3602506494568,27.3929370143125,ACT
10148,2014,January,1,85+,9,30.1138773326234,3326,1076,1012,270.595309681299,215.318363580437,123.26656394453,28.9519397799653,25.5514381251745,22.975676360943,29.0517796609024,ACT
10148,2014,February,2,85+,10,29.8308847987881,3425,1076,1012,291.970802919708,270.595309681299,215.318363580437,208.643815201192,30.1138773326234,25.5514381251745,29.261956394158,ACT
10148,2014,March,3,85+,16,26.2671999313075,3335,1076,1012,479.76011994003,291.970802919708,270.595309681299,507.311250373023,29.8308847987881,30.1138773326234,26.1013769096666,ACT
10148,2014,November,11,85+,5,25.7646624184804,3354,1076,1012,149.075730471079,117.855038302887,151.331719128329,123.26656394453,22.083821640466,20.2573229673153,22.975676360943,ACT
10148,2014,December,12,85+,6,29.8051453984788,3442,1076,1012,174.317257408483,149.075730471079,117.855038302887,215.318363580437,25.7646624184804,22.083821640466,25.5514381251745,ACT
10148,2015,January,1,85+,2,29.9867703599545,3343,1076,1012,59.8265031408914,174.317257408483,149.075730471079,270.595309681299,29.8051453984788,25.7646624184804,30.1138773326234,ACT
10148,2015,February,2,85+,14,29.5000222869913,3248,1076,1012,431.034482758621,59.8265031408914,174.317257408483,291.970802919708,29.9867703599545,29.8051453984788,29.8308847987881,ACT
10148,2015,March,3,85+,12,28.9087329471438,3391,1076,1012,353.877912120318,431.034482758621,59.8265031408914,479.76011994003,29.5000222869913,29.9867703599545,26.2671999313075,ACT
10148,2015,November,11,85+,14,28.3657558469161,3470,1076,1012,403.458213256484,439.110070257611,297.176820208024,149.075730471079,22.3413664437251,15.1934712763217,25.7646624184804,ACT
10148,2015,December,12,85+,4,30.6647003403779,3348,1076,1012,119.4743130227,403.458213256484,439.110070257611,174.317257408483,28.3657558469161,22.3413664437251,29.8051453984788,ACT
10148,2016,January,1,85+,2,29.4251935851806,3407,1076,1012,58.7026709715292,119.4743130227,403.458213256484,59.8265031408914,30.6647003403779,28.3657558469161,29.9867703599545,ACT
10148,2016,February,2,85+,23,27.9962795197314,3320,1076,1012,692.771084337349,58.7026709715292,119.4743130227,431.034482758621,29.4251935851806,30.6647003403779,29.5000222869913,ACT
10148,2016,March,3,85+,15,23.2642277630079,3362,1076,1012,446.162998215348,692.771084337349,58.7026709715292,353.877912120318,27.9962795197314,29.4251935851806,28.9087329471438,ACT
10148,2016,November,11,85+,7,26.3206030977907,3432,1076,1012,203.962703962704,349.040139616056,291.545189504373,403.458213256484,22.3922031034197,19.6101680438317,28.3657558469161,ACT
10148,2016,December,12,85+,3,29.8366452668462,3622,1076,1012,82.827167310878,203.962703962704,349.040139616056,119.4743130227,26.3206030977907,22.3922031034197,30.6647003403779,ACT
10149,2011,January,1,75 to 84,0,29.5241105726073,961,997,1194,0,104.602510460251,210.084033613445,206.611570247934,28.0287256188482,27.7144102647263,30.1879472863691,ACT
10149,2011,February,2,75 to 84,0,31.1694233180526,987,997,1194,0,0,104.602510460251,519.210799584632,29.5241105726073,28.0287256188482,28.6101266436023,ACT
10149,2011,March,3,75 to 84,0,26.3117937908315,963,997,1194,0,0,0,0,31.1694233180526,29.5241105726073,26.2563146749697,ACT
10149,2011,November,11,75 to 84,2,25.5109008357024,950,997,1194,210.526315789474,103.092783505155,104.602510460251,210.084033613445,22.7885891501939,18.545076463939,27.7144102647263,ACT
10149,2011,December,12,75 to 84,1,30.7148429424246,1005,997,1194,99.502487562189,210.526315789474,103.092783505155,104.602510460251,25.5109008357024,22.7885891501939,28.0287256188482,ACT
10149,2012,January,1,75 to 84,0,30.9376102695365,986,997,1194,0,99.502487562189,210.526315789474,0,30.7148429424246,25.5109008357024,29.5241105726073,ACT
10149,2012,February,2,75 to 84,0,29.6425577530561,994,997,1194,0,0,99.502487562189,0,30.9376102695365,30.7148429424246,31.1694233180526,ACT
10149,2012,March,3,75 to 84,0,24.7818144243278,1002,997,1194,0,0,0,0,29.6425577530561,30.9376102695365,26.3117937908315,ACT
10149,2012,November,11,75 to 84,1,26.8765589159091,966,997,1194,103.51966873706,0,0,210.526315789474,22.1310554570769,16.1461778759026,25.5109008357024,ACT
10149,2012,December,12,75 to 84,0,29.6069742394318,997,997,1194,0,103.51966873706,0,99.502487562189,26.8765589159091,22.1310554570769,30.7148429424246,ACT
10149,2013,January,1,75 to 84,0,30.3654231852881,990,997,1194,0,0,103.51966873706,0,29.6069742394318,26.8765589159091,30.9376102695365,ACT
10149,2013,February,2,75 to 84,0,27.490808743862,1027,997,1194,0,0,0,0,30.3654231852881,29.6069742394318,29.6425577530561,ACT
10149,2013,March,3,75 to 84,0,25.0682671679191,999,997,1194,0,0,0,0,27.490808743862,30.3654231852881,24.7818144243278,ACT
10149,2013,November,11,75 to 84,1,27.9559996915788,987,997,1194,101.317122593718,300.3003003003,0,103.51966873706,24.2535945996766,16.7690515054624,26.8765589159091,ACT
10149,2013,December,12,75 to 84,0,31.5514754742772,949,997,1194,0,101.317122593718,300.3003003003,0,27.9559996915788,24.2535945996766,29.6069742394318,ACT
10149,2014,January,1,75 to 84,0,32.102691677523,1000,997,1194,0,0,101.317122593718,0,31.5514754742772,27.9559996915788,30.3654231852881,ACT
10149,2014,February,2,75 to 84,0,29.7390249476165,981,997,1194,0,0,0,0,32.102691677523,31.5514754742772,27.490808743862,ACT
10149,2014,March,3,75 to 84,0,25.5882404061981,979,997,1194,0,0,0,0,29.7390249476165,32.102691677523,25.0682671679191,ACT
10149,2014,November,11,75 to 84,0,25.9088817293035,984,997,1194,0,0,0,101.317122593718,19.7779511907529,15.8912759161409,27.9559996915788,ACT
10149,2014,December,12,75 to 84,0,28.6741246812475,1018,997,1194,0,0,0,0,25.9088817293035,19.7779511907529,31.5514754742772,ACT
10149,2015,January,1,75 to 84,0,31.8130364775704,1013,997,1194,0,0,0,0,28.6741246812475,25.9088817293035,32.102691677523,ACT
10149,2015,February,2,75 to 84,0,29.701214984945,990,997,1194,0,0,0,0,31.8130364775704,28.6741246812475,29.7390249476165,ACT
10149,2015,March,3,75 to 84,0,25.5209195614429,995,997,1194,0,0,0,0,29.701214984945,31.8130364775704,25.5882404061981,ACT
10149,2015,November,11,75 to 84,0,24.5782875778508,986,997,1194,0,101.419878296146,0,0,21.250416061001,19.2274502501107,25.9088817293035,ACT
10149,2015,December,12,75 to 84,0,29.7506130059041,967,997,1194,0,0,101.419878296146,0,24.5782875778508,21.250416061001,28.6741246812475,ACT
10149,2016,January,1,75 to 84,0,29.5457390343177,995,997,1194,0,0,0,0,29.7506130059041,24.5782875778508,31.8130364775704,ACT
10149,2016,February,2,75 to 84,0,26.5133529501819,1032,997,1194,0,0,0,0,29.5457390343177,29.7506130059041,29.701214984945,ACT
10149,2016,March,3,75 to 84,0,25.5453839674361,997,997,1194,0,0,0,0,26.5133529501819,29.5457390343177,25.5209195614429,ACT
10149,2016,November,11,75 to 84,0,26.0356293253304,1027,997,1194,0,0,0,0,21.9978923750359,18.9237211713363,24.5782875778508,ACT
10149,2016,December,12,75 to 84,0,26.679566942157,1025,997,1194,0,0,0,0,26.0356293253304,21.9978923750359,29.7506130059041,ACT
10149,2011,January,1,85+,1,31.0835548535667,954,997,1194,104.82180293501,313.807531380753,424.178154825027,213.675213675214,30.0233064417099,24.6838319144183,31.1203550594693,ACT
10149,2011,February,2,85+,1,29.7164981250172,947,997,1194,105.596620908131,104.82180293501,313.807531380753,317.124735729387,31.0835548535667,30.0233064417099,27.9214214839321,ACT
10149,2011,March,3,85+,1,30.8043782279496,971,997,1194,102.986611740474,105.596620908131,104.82180293501,741.525423728814,29.7164981250172,31.0835548535667,27.4429395933499,ACT
10149,2011,November,11,85+,3,25.1081585726222,966,997,1194,310.55900621118,103.092783505155,0,424.178154825027,20.168425907859,17.4550293302717,24.6838319144183,ACT
10149,2011,December,12,85+,2,28.5901246105681,963,997,1194,207.684319833853,310.55900621118,103.092783505155,313.807531380753,25.1081585726222,20.168425907859,30.0233064417099,ACT
10149,2012,January,1,85+,0,31.2367541667378,977,997,1194,0,207.684319833853,310.55900621118,104.82180293501,28.5901246105681,25.1081585726222,31.0835548535667,ACT
10149,2012,February,2,85+,0,27.3828518853311,983,997,1194,0,0,207.684319833853,105.596620908131,31.2367541667378,28.5901246105681,29.7164981250172,ACT
10149,2012,March,3,85+,0,25.8763996535828,987,997,1194,0,0,0,102.986611740474,27.3828518853311,31.2367541667378,30.8043782279496,ACT
10149,2012,November,11,85+,3,27.7637082114543,958,997,1194,313.152400835073,103.305785123967,0,310.55900621118,23.9060105555275,18.5017620235352,25.1081585726222,ACT
10149,2012,December,12,85+,0,27.5203138048586,978,997,1194,0,313.152400835073,103.305785123967,207.684319833853,27.7637082114543,23.9060105555275,28.5901246105681,ACT
10149,2013,January,1,85+,0,27.8719468510146,1013,997,1194,0,0,313.152400835073,0,27.5203138048586,27.7637082114543,31.2367541667378,ACT
10149,2013,February,2,85+,1,25.9760532703244,973,997,1194,102.774922918808,0,0,0,27.8719468510146,27.5203138048586,27.3828518853311,ACT
10149,2013,March,3,85+,1,29.6148806424323,976,997,1194,102.459016393443,102.774922918808,0,0,25.9760532703244,27.8719468510146,25.8763996535828,ACT
10149,2013,November,11,85+,1,25.879690123149,989,997,1194,101.112234580384,0,0,313.152400835073,22.6773580005378,16.4199492017817,27.7637082114543,ACT
10149,2013,December,12,85+,0,29.9156396473688,994,997,1194,0,101.112234580384,0,0,25.879690123149,22.6773580005378,27.5203138048586,ACT
10149,2014,January,1,85+,0,30.6064874901972,994,997,1194,0,0,101.112234580384,0,29.9156396473688,25.879690123149,27.8719468510146,ACT
10149,2014,February,2,85+,1,28.9589344192824,995,997,1194,100.502512562814,0,0,102.774922918808,30.6064874901972,29.9156396473688,25.9760532703244,ACT
10149,2014,March,3,85+,3,25.6839858333809,977,997,1194,307.062436028659,100.502512562814,0,102.459016393443,28.9589344192824,30.6064874901972,29.6148806424323,ACT
10149,2014,November,11,85+,0,24.2335841642711,996,997,1194,0,0,307.377049180328,101.112234580384,24.5223108700244,17.096972293313,25.879690123149,ACT
10149,2014,December,12,85+,0,28.2022759683382,981,997,1194,0,0,0,0,24.2335841642711,24.5223108700244,29.9156396473688,ACT
10149,2015,January,1,85+,1,28.4523294371285,983,997,1194,101.729399796541,0,0,0,28.2022759683382,24.2335841642711,30.6064874901972,ACT
10149,2015,February,2,85+,1,27.329032544822,1002,997,1194,99.8003992015968,101.729399796541,0,100.502512562814,28.4523294371285,28.2022759683382,28.9589344192824,ACT
10149,2015,March,3,85+,3,24.4644194376783,1004,997,1194,298.804780876494,99.8003992015968,101.729399796541,307.062436028659,27.329032544822,28.4523294371285,25.6839858333809,ACT
10149,2015,November,11,85+,0,26.5665432381545,1008,997,1194,0,0,99.8003992015968,0,21.1300373595315,20.8062460438174,24.2335841642711,ACT
10149,2015,December,12,85+,0,29.3152245412768,1008,997,1194,0,0,0,0,26.5665432381545,21.1300373595315,28.2022759683382,ACT
10149,2016,January,1,85+,1,31.7079176839684,1006,997,1194,99.403578528827,0,0,101.729399796541,29.3152245412768,26.5665432381545,28.4523294371285,ACT
10149,2016,February,2,85+,6,31.1826319222857,996,997,1194,602.409638554217,99.403578528827,0,99.8003992015968,31.7079176839684,29.3152245412768,27.329032544822,ACT
10149,2016,March,3,85+,3,23.2755519180225,1012,997,1194,296.442687747036,602.409638554217,99.403578528827,298.804780876494,31.1826319222857,31.7079176839684,24.4644194376783,ACT
10149,2016,November,11,85+,0,28.2587529217931,1004,997,1194,0,0,0,0,22.4629654068752,17.5488301526809,26.5665432381545,ACT
10149,2016,December,12,85+,0,29.6518351973729,1010,997,1194,0,0,0,0,28.2587529217931,22.4629654068752,29.3152245412768,ACT
10150,2011,January,1,75 to 84,10,30.2115317063972,12760,923,1009,78.3699059561129,79.7066794197354,73.6618104436078,223.91043582567,29.8581799875944,28.599780737469,32.2156373303104,ACT
10150,2011,February,2,75 to 84,20,27.4805685976879,11686,923,1009,171.144959780934,78.3699059561129,79.7066794197354,326.797385620915,30.2115317063972,29.8581799875944,32.3210172292434,ACT
10150,2011,March,3,75 to 84,75,24.975106602608,12632,923,1009,593.730208993034,171.144959780934,78.3699059561129,210.40705672898,27.4805685976879,30.2115317063972,25.5503515764313,ACT
10150,2011,November,11,75 to 84,16,23.6627441704777,12484,923,1009,128.164049983979,31.9565391068147,70.7269155206287,73.6618104436078,22.3496100615262,16.0435214820001,28.599780737469,ACT
10150,2011,December,12,75 to 84,19,30.3108249998447,12735,923,1009,149.195131527287,128.164049983979,31.9565391068147,79.7066794197354,23.6627441704777,22.3496100615262,29.8581799875944,ACT
10150,2012,January,1,75 to 84,31,29.4124652401855,12745,923,1009,243.232640251079,149.195131527287,128.164049983979,78.3699059561129,30.3108249998447,23.6627441704777,30.2115317063972,ACT
10150,2012,February,2,75 to 84,22,32.0801773450251,12457,923,1009,176.607529902866,243.232640251079,149.195131527287,171.144959780934,29.4124652401855,30.3108249998447,27.4805685976879,ACT
10150,2012,March,3,75 to 84,47,24.9515487222181,12015,923,1009,391.177694548481,176.607529902866,243.232640251079,593.730208993034,32.0801773450251,29.4124652401855,24.975106602608,ACT
10150,2012,November,11,75 to 84,7,26.4216760698459,13000,923,1009,53.8461538461539,54.5638787122925,32.3676970383557,128.164049983979,20.5600304702344,17.7823603429604,23.6627441704777,ACT
10150,2012,December,12,75 to 84,16,29.3561616026118,12770,923,1009,125.293657008614,53.8461538461539,54.5638787122925,149.195131527287,26.4216760698459,20.5600304702344,30.3108249998447,ACT
10150,2013,January,1,75 to 84,27,31.1064654964761,12916,923,1009,209.043047383091,125.293657008614,53.8461538461539,243.232640251079,29.3561616026118,26.4216760698459,29.4124652401855,ACT
10150,2013,February,2,75 to 84,6,29.6086328370609,12610,923,1009,47.5812846946868,209.043047383091,125.293657008614,176.607529902866,31.1064654964761,29.3561616026118,32.0801773450251,ACT
10150,2013,March,3,75 to 84,13,26.9578814079887,12348,923,1009,105.280207321024,47.5812846946868,209.043047383091,391.177694548481,29.6086328370609,31.1064654964761,24.9515487222181,ACT
10150,2013,November,11,75 to 84,11,24.5722215022963,12606,923,1009,87.260034904014,100.030778701139,15.8466048649077,53.8461538461539,20.9044111932674,17.2386750536722,26.4216760698459,ACT
10150,2013,December,12,75 to 84,4,28.9176989768936,13006,923,1009,30.7550361371675,87.260034904014,100.030778701139,125.293657008614,24.5722215022963,20.9044111932674,29.3561616026118,ACT
10150,2014,January,1,75 to 84,6,31.9129517130016,12787,923,1009,46.9226558223195,30.7550361371675,87.260034904014,209.043047383091,28.9176989768936,24.5722215022963,31.1064654964761,ACT
10150,2014,February,2,75 to 84,7,31.1706951942458,12666,923,1009,55.2660666350861,46.9226558223195,30.7550361371675,47.5812846946868,31.9129517130016,28.9176989768936,29.6086328370609,ACT
10150,2014,March,3,75 to 84,14,25.5638820455044,12187,923,1009,114.876507754164,55.2660666350861,46.9226558223195,105.280207321024,31.1706951942458,31.9129517130016,26.9578814079887,ACT
10150,2014,November,11,75 to 84,11,25.4899097449085,12517,923,1009,87.8804825437405,7.8665827564506,54.3436068628212,87.260034904014,23.5645539986212,17.7980228549776,24.5722215022963,ACT
10150,2014,December,12,75 to 84,0,31.6184214023515,12451,923,1009,0,87.8804825437405,7.8665827564506,30.7550361371675,25.4899097449085,23.5645539986212,28.9176989768936,ACT
10150,2015,January,1,75 to 84,4,26.9377078790994,12734,923,1009,31.4119679597927,0,87.8804825437405,46.9226558223195,31.6184214023515,25.4899097449085,31.9129517130016,ACT
10150,2015,February,2,75 to 84,5,29.9045088881755,12614,923,1009,39.6384969081972,31.4119679597927,0,55.2660666350861,26.9377078790994,31.6184214023515,31.1706951942458,ACT
10150,2015,March,3,75 to 84,16,28.6849602064413,12979,923,1009,123.276061329841,39.6384969081972,31.4119679597927,114.876507754164,29.9045088881755,26.9377078790994,25.5638820455044,ACT
10150,2015,November,11,75 to 84,47,25.2553571764646,12577,923,1009,373.698020195595,68.7495225727599,61.833359097233,87.8804825437405,18.9632614733608,19.573002500624,25.4899097449085,ACT
10150,2015,December,12,75 to 84,23,29.0529829093188,13325,923,1009,172.607879924953,373.698020195595,68.7495225727599,0,25.2553571764646,18.9632614733608,31.6184214023515,ACT
10150,2016,January,1,75 to 84,4,30.1250205518991,12792,923,1009,31.2695434646654,172.607879924953,373.698020195595,31.4119679597927,29.0529829093188,25.2553571764646,26.9377078790994,ACT
10150,2016,February,2,75 to 84,7,27.2805269303798,13154,923,1009,53.2157518625513,31.2695434646654,172.607879924953,39.6384969081972,30.1250205518991,29.0529829093188,29.9045088881755,ACT
10150,2016,March,3,75 to 84,6,27.6945628051283,12916,923,1009,46.4540105295757,53.2157518625513,31.2695434646654,123.276061329841,27.2805269303798,30.1250205518991,28.6849602064413,ACT
10150,2016,November,11,75 to 84,17,28.1232009279492,13131,923,1009,129.46462569492,23.4815278647464,70.1480904130943,373.698020195595,20.90474926566,17.894094802436,25.2553571764646,ACT
10150,2016,December,12,75 to 84,54,29.0362100297773,12569,923,1009,429.628450950752,129.46462569492,23.4815278647464,172.607879924953,28.1232009279492,20.90474926566,29.0529829093188,ACT
10150,2011,January,1,85+,21,27.1693879081862,12324,923,1009,170.399221032132,81.6393174953057,84.4024307900068,1194.00457278347,28.7938788531043,27.3104914647491,31.1868959706231,ACT
10150,2011,February,2,85+,37,26.2938936694992,12821,923,1009,288.589033616723,170.399221032132,81.6393174953057,561.397959990512,27.1693879081862,28.7938788531043,23.7540843449505,ACT
10150,2011,March,3,85+,24,23.856235216067,12466,923,1009,192.523664367078,288.589033616723,170.399221032132,484.63939543289,26.2938936694992,27.1693879081862,24.8319298104977,ACT
10150,2011,November,11,85+,22,24.6372925683911,12511,923,1009,175.845256174566,336.916412642387,450.450450450451,84.4024307900068,24.2476305038046,18.3248470931641,27.3104914647491,ACT
10150,2011,December,12,85+,70,29.2239477068355,12506,923,1009,559.731328962098,175.845256174566,336.916412642387,81.6393174953057,24.6372925683911,24.2476305038046,28.7938788531043,ACT
10150,2012,January,1,85+,40,30.4871637636891,12704,923,1009,314.861460957179,559.731328962098,175.845256174566,170.399221032132,29.2239477068355,24.6372925683911,27.1693879081862,ACT
10150,2012,February,2,85+,17,29.4386949146068,12397,923,1009,137.129950794547,314.861460957179,559.731328962098,288.589033616723,30.4871637636891,29.2239477068355,26.2938936694992,ACT
10150,2012,March,3,85+,15,25.8336873588923,12431,923,1009,120.666076743625,137.129950794547,314.861460957179,192.523664367078,29.4386949146068,30.4871637636891,23.856235216067,ACT
10150,2012,November,11,85+,21,24.9014314849207,12724,923,1009,165.042439484439,78.1555295037124,338.156653035546,175.845256174566,21.4735471530946,16.7084205143464,24.6372925683911,ACT
10150,2012,December,12,85+,12,26.7894066597534,12110,923,1009,99.0916597853014,165.042439484439,78.1555295037124,559.731328962098,24.9014314849207,21.4735471530946,29.2239477068355,ACT
10150,2013,January,1,85+,22,29.7516725802282,12853,923,1009,171.166264685287,99.0916597853014,165.042439484439,314.861460957179,26.7894066597534,24.9014314849207,30.4871637636891,ACT
10150,2013,February,2,85+,2,29.8605421381931,12837,923,1009,15.5799641660824,171.166264685287,99.0916597853014,137.129950794547,29.7516725802282,26.7894066597534,29.4386949146068,ACT
10150,2013,March,3,85+,10,27.379023786884,12610,923,1009,79.3021411578113,15.5799641660824,171.166264685287,120.666076743625,29.8605421381931,29.7516725802282,25.8336873588923,ACT
10150,2013,November,11,85+,20,27.7923690229339,12185,923,1009,164.136233073451,23.5165007446892,100.3861003861,165.042439484439,22.1058446931862,15.4289764262865,24.9014314849207,ACT
10150,2013,December,12,85+,66,29.8883759211864,12882,923,1009,512.342803912436,164.136233073451,23.5165007446892,99.0916597853014,27.7923690229339,22.1058446931862,26.7894066597534,ACT
10150,2014,January,1,85+,46,29.9462524588984,13034,923,1009,352.923124136873,512.342803912436,164.136233073451,171.166264685287,29.8883759211864,27.7923690229339,29.7516725802282,ACT
10150,2014,February,2,85+,38,27.9691700116643,12406,923,1009,306.303401579881,352.923124136873,512.342803912436,15.5799641660824,29.9462524588984,29.8883759211864,29.8605421381931,ACT
10150,2014,March,3,85+,34,28.7813346923033,12980,923,1009,261.941448382126,306.303401579881,352.923124136873,79.3021411578113,27.9691700116643,29.9462524588984,27.379023786884,ACT
10150,2014,November,11,85+,8,25.3408701147752,13073,923,1009,61.1948290369464,77.9727095516569,53.8585827498654,164.136233073451,21.6074163815711,16.1774865588666,27.7923690229339,ACT
10150,2014,December,12,85+,12,29.0286472554306,13079,923,1009,91.7501338022785,61.1948290369464,77.9727095516569,512.342803912436,25.3408701147752,21.6074163815711,29.8883759211864,ACT
10150,2015,January,1,85+,3,30.0148921956197,12563,923,1009,23.8796465812306,91.7501338022785,61.1948290369464,352.923124136873,29.0286472554306,25.3408701147752,29.9462524588984,ACT
10150,2015,February,2,85+,18,32.0781628551658,13368,923,1009,134.649910233393,23.8796465812306,91.7501338022785,306.303401579881,30.0148921956197,29.0286472554306,27.9691700116643,ACT
10150,2015,March,3,85+,10,25.2876902240762,13550,923,1009,73.8007380073801,134.649910233393,23.8796465812306,261.941448382126,32.0781628551658,30.0148921956197,28.7813346923033,ACT
10150,2015,November,11,85+,10,24.2105417873953,13050,923,1009,76.6283524904215,137.751587969695,177.770907404545,61.1948290369464,21.8590340487185,17.6399978408476,25.3408701147752,ACT
10150,2015,December,12,85+,18,28.7830712603165,12517,923,1009,143.804425980666,76.6283524904215,137.751587969695,91.7501338022785,24.2105417873953,21.8590340487185,29.0286472554306,ACT
10150,2016,January,1,85+,55,32.2336731436781,13263,923,1009,414.687476438212,143.804425980666,76.6283524904215,23.8796465812306,28.7830712603165,24.2105417873953,30.0148921956197,ACT
10150,2016,February,2,85+,61,27.7515171135638,12704,923,1009,480.163727959698,414.687476438212,143.804425980666,134.649910233393,32.2336731436781,28.7830712603165,32.0781628551658,ACT
10150,2016,March,3,85+,23,27.1113153156245,12523,923,1009,183.662061806276,480.163727959698,414.687476438212,73.8007380073801,27.7515171135638,32.2336731436781,25.2876902240762,ACT
10150,2016,November,11,85+,11,26.4350702329918,13459,923,1009,81.7296976001189,267.420537897311,623.124855758135,76.6283524904215,20.6393525055143,15.9748856112577,24.2105417873953,ACT
10150,2016,December,12,85+,21,28.0171406605529,13275,923,1009,158.19209039548,81.7296976001189,267.420537897311,143.804425980666,26.4350702329918,20.6393525055143,28.7830712603165,ACT
